,City,Country,Lat,Lng,Max Temp,Humidity,Cloudiness,Wind Speed,Description
0,Barrow,US,71.2906,-156.7887,-5.8,77,1,16.11,clear sky
1,Faanui,PF,-16.4833,-151.75,81.52,75,94,14.65,light rain
2,Rikitea,PF,-23.1203,-134.9692,77.86,77,19,13.89,few clouds
3,Carauari,BR,-4.8828,-66.8958,79.99,88,96,0.13,light rain
4,Sao Joao Da Barra,BR,-21.6403,-41.0511,80.6,69,0,23.02,clear sky
5,Saldanha,ZA,-33.0117,17.9442,78.8,57,0,3.44,clear sky
6,Taganak,PH,6.0833,118.3,75.2,100,40,7.74,moderate rain
7,Punta Arenas,CL,-53.15,-70.9167,55.4,67,90,19.57,light rain
8,Marshall,US,34.3834,-86.3333,41.0,81,1,4.61,clear sky
9,Kaitangata,NZ,-46.2817,169.8464,67.51,62,19,0.98,few clouds
10,Saint-Philippe,RE,-21.3585,55.7679,80.6,83,90,2.3,light rain
11,Norman Wells,CA,65.282,-126.8329,5.0,85,90,18.41,light snow
12,Atar,MR,20.5169,-13.0499,63.05,27,66,11.86,broken clouds
13,Kharan,PK,28.5833,65.4167,43.54,46,0,1.81,clear sky
14,Tuktoyaktuk,CA,69.4541,-133.0374,-22.0,76,20,3.44,few clouds
15,Manavalakurichi,IN,8.1333,77.3,80.6,89,75,14.36,mist
16,Hithadhoo,MV,-0.6,73.0833,82.06,75,100,21.32,overcast clouds
17,Jalu,LY,29.0331,21.5482,57.65,53,90,15.66,overcast clouds
18,Haines Junction,CA,60.7522,-137.5108,12.2,85,100,3.44,overcast clouds
19,Bethel,US,41.3712,-73.414,37.4,60,90,3.96,overcast clouds
20,Bluff,NZ,-46.6,168.3333,59.0,94,12,10.0,few clouds
21,Saint George,US,37.1041,-113.5841,55.0,23,1,1.25,clear sky
22,Narsaq,GL,60.9167,-46.05,30.2,80,90,4.61,light snow
23,Saskylakh,RU,71.9167,114.0833,-43.65,77,93,11.23,overcast clouds
24,Nalut,LY,30.3333,10.85,45.64,55,0,5.73,clear sky
25,Nikolskoye,RU,59.7035,30.7861,6.8,78,40,13.42,snow
26,New Norfolk,AU,-42.7826,147.0587,62.01,62,5,3.0,clear sky
27,Ribeira Grande,PT,38.5167,-28.7,60.8,88,40,9.22,scattered clouds
28,Kholtoson,RU,50.2981,103.3097,-16.31,80,66,1.3,broken clouds
29,Palmer,US,42.1584,-72.3287,37.4,52,90,6.91,overcast clouds
30,Saint-Georges,GD,12.0564,-61.7485,82.4,69,20,13.8,few clouds
31,Rawson,AR,-43.3002,-65.1023,75.31,30,58,25.3,broken clouds
32,Ostrovnoy,RU,68.0531,39.5131,3.83,93,75,22.3,broken clouds
33,Jamestown,US,42.097,-79.2353,36.0,80,1,10.85,clear sky
34,Englehart,CA,47.8169,-79.8664,32.0,93,90,5.75,light snow
35,Sao Joao De Pirabas,BR,-0.7747,-47.1772,77.0,91,100,7.29,light rain
36,Clyde River,CA,70.4692,-68.5914,-14.8,76,1,3.44,clear sky
37,Kodiak,US,57.79,-152.4072,32.0,93,20,10.2,few clouds
38,Tasiilaq,GL,65.6145,-37.6368,32.0,86,90,32.21,snow
39,La Ronge,CA,55.1001,-105.2842,24.8,80,100,4.61,overcast clouds
40,Mataura,NZ,-46.1927,168.8643,59.0,94,0,10.0,clear sky
41,Cape Town,ZA,-33.9258,18.4232,73.99,73,0,2.3,clear sky
42,Ucluelet,CA,48.9329,-125.5528,48.2,66,40,3.44,scattered clouds
43,Preeceville,CA,51.95,-102.6677,36.14,98,100,13.15,light rain
44,Nelson Bay,AU,-32.7167,152.15,70.0,88,0,5.75,clear sky
45,Evensk,RU,61.95,159.2333,-16.6,73,96,4.76,overcast clouds
46,Pimentel,PE,-6.8367,-79.9342,78.8,57,0,26.46,clear sky
47,Pevek,RU,69.7008,170.3133,-19.57,89,99,4.99,overcast clouds
48,Apostolove,UA,47.66,33.7137,26.6,86,90,6.71,overcast clouds
49,Port Elizabeth,ZA,-33.918,25.5701,69.8,94,90,9.22,overcast clouds
50,Ponta Do Sol,PT,32.6667,-17.1,54.0,54,40,7.0,scattered clouds
51,Tiksi,RU,71.6872,128.8694,-33.43,81,42,1.77,scattered clouds
52,Albany,US,42.6001,-73.9662,36.0,65,98,3.15,overcast clouds
53,Date,JP,42.4681,140.8681,33.33,87,86,28.01,light snow
54,Matveyevka,RU,52.15,56.1833,-2.2,71,0,13.42,clear sky
55,Karasjok,NO,69.4719,25.5112,1.4,66,40,21.85,scattered clouds
56,Provideniya,RU,64.3833,-173.3,5.0,78,90,8.95,light snow
57,Teeli,RU,51.0333,90.2333,5.99,91,100,2.84,light snow
58,Pontal Do Parana,BR,-25.6533,-48.5128,78.8,73,40,13.8,scattered clouds
59,Zhangye,CN,38.9342,100.4517,23.09,70,100,9.33,overcast clouds
60,Waingapu,ID,-9.6567,120.2641,79.95,78,100,3.91,overcast clouds
61,Pangnirtung,CA,66.1451,-65.7125,-14.8,76,1,0.81,clear sky
62,Nhulunbuy,AU,-12.2333,136.7667,78.8,94,0,1.79,clear sky
63,Jonesboro,US,35.8423,-90.7043,51.01,53,1,17.27,clear sky
64,Lavrentiya,RU,65.5833,-171.0,-5.42,86,99,4.9,overcast clouds
65,Chillan,CL,-36.6066,-72.1034,87.8,16,0,4.61,clear sky
66,Aklavik,CA,68.2191,-135.0107,-11.2,84,68,1.14,broken clouds
67,Nishihara,JP,26.1842,127.7558,59.0,54,75,6.91,broken clouds
68,Bend,US,44.0582,-121.3153,46.0,44,46,5.01,scattered clouds
69,Umm Kaddadah,SD,13.6017,26.6876,67.64,25,0,12.97,clear sky
70,Comodoro Rivadavia,AR,-45.8667,-67.5,66.2,68,0,11.5,clear sky
71,Hilo,US,19.7297,-155.09,82.4,54,40,5.75,scattered clouds
72,Koumac,NC,-20.5667,164.2833,80.13,83,100,4.38,light rain
73,Tornio,FI,65.8481,24.1466,-9.4,77,0,3.44,clear sky
74,Atuona,PF,-9.8,-139.0333,77.52,78,40,15.46,scattered clouds
75,Tongliao,CN,43.6125,122.2653,-7.91,81,28,3.56,scattered clouds
76,Ushuaia,AR,-54.8,-68.3,57.2,54,75,4.61,broken clouds
77,Thompson,CA,55.7435,-97.8558,28.4,100,90,3.44,light snow
78,Bilibino,RU,68.0546,166.4372,-19.08,82,100,6.49,overcast clouds
79,Yerbogachen,RU,61.2767,108.0108,-17.05,86,100,10.94,overcast clouds
80,Caravelas,BR,-17.7125,-39.2481,79.2,73,0,6.69,clear sky
81,Busselton,AU,-33.65,115.3333,55.99,73,95,3.0,overcast clouds
82,Sola,VU,-13.8833,167.55,86.0,79,75,10.6,broken clouds
83,Kanlagay,PH,5.8757,121.2915,79.93,81,100,3.27,overcast clouds
84,Arantangi,IN,10.1667,78.9833,73.4,93,92,11.43,overcast clouds
85,Chuy,UY,-33.6971,-53.4616,69.22,49,0,11.21,clear sky
86,Castro,BR,-24.7911,-50.0119,72.07,88,68,9.84,broken clouds
87,Calvia,ES,39.5657,2.5062,46.99,59,1,1.01,clear sky
88,Pocone,BR,-16.2567,-56.6228,79.07,78,97,6.73,light rain
89,Lebu,CL,-37.6167,-73.65,58.41,71,0,14.94,clear sky
90,Yulara,AU,-25.2406,130.9889,84.2,24,0,8.05,clear sky
91,Praia Da Vitoria,PT,38.7333,-27.0667,60.01,100,75,7.31,broken clouds
92,Banda Aceh,ID,5.5577,95.3222,77.68,81,100,8.7,overcast clouds
93,Kenora,CA,49.8167,-94.4337,32.0,69,75,6.91,broken clouds
94,Cherskiy,RU,68.75,161.3,-13.95,89,100,3.56,overcast clouds
95,Alofi,NU,-19.0595,-169.9187,80.6,94,75,6.91,light rain
96,Ust-Kuyga,RU,70.0167,135.6,-41.06,77,44,2.3,scattered clouds
97,Trelew,AR,-43.249,-65.3051,79.61,22,80,26.04,broken clouds
98,Seymchan,RU,62.8833,152.4333,-35.99,79,88,4.36,overcast clouds
99,Brazzaville,CG,-4.2658,15.2832,80.6,74,100,4.61,moderate rain
100,Aksarka,RU,66.5606,67.7975,-0.98,87,91,12.71,overcast clouds
101,Havre,FR,49.5833,0.3333,48.2,93,90,16.11,overcast clouds
102,Harrisonville,US,38.6533,-94.3488,55.4,44,1,9.22,clear sky
103,Kahului,US,20.8947,-156.47,82.4,54,20,9.22,light rain
104,Vaini,TO,-21.2,-175.2,84.2,84,40,11.5,scattered clouds
105,Konstantinovka,RU,49.6167,127.9833,-17.12,86,41,4.12,light snow
106,Murgab,TM,37.4966,61.9714,35.6,87,0,4.61,clear sky
107,Poso,ID,-1.3959,120.7524,81.0,74,100,4.47,overcast clouds
108,Bambous Virieux,MU,-20.3428,57.7575,78.01,88,75,4.61,broken clouds
109,Maraa,BR,-1.8333,-65.3667,79.16,93,100,2.3,overcast clouds
110,Puerto Escondido,MX,15.85,-97.0667,84.2,74,40,8.05,scattered clouds
111,Marawi,PH,7.9986,124.2928,75.99,95,98,1.99,overcast clouds
112,Muros,ES,42.7762,-9.0603,45.0,89,4,2.59,clear sky
113,Qaanaaq,GL,77.484,-69.3632,-2.18,83,0,4.68,clear sky
114,Anacortes,US,48.5126,-122.6127,50.0,66,40,13.8,scattered clouds
115,Saint-Louis,SN,16.3333,-15.0,75.2,35,0,2.3,clear sky
116,Makarov,RU,48.6333,142.8,6.93,88,81,11.99,broken clouds
117,Kapaa,US,22.0752,-159.319,79.0,65,1,6.91,clear sky
118,Tarakan,ID,3.3,117.6333,77.0,94,75,4.61,broken clouds
119,Nauchnyy Gorodok,RU,53.4203,83.521,-14.8,70,40,6.71,scattered clouds
120,Neuquen,AR,-38.9516,-68.0591,93.2,26,40,10.36,scattered clouds
121,Cururupu,BR,-1.8283,-44.8683,77.22,83,100,3.89,light rain
122,Kavaratti,IN,10.5669,72.642,75.13,86,100,8.37,light rain
123,Khatanga,RU,71.9667,102.5,-27.8,84,100,12.53,overcast clouds
124,Magistralnyy,RU,56.1725,107.4458,-16.6,86,100,3.56,overcast clouds
125,Mangan,IN,27.5167,88.5333,54.12,47,48,2.21,scattered clouds
126,Zaporizhzhya,UA,47.8167,35.1833,24.8,93,75,8.95,broken clouds
127,Puerto Ayora,EC,-0.7393,-90.3518,89.6,51,75,17.27,broken clouds
128,Airai,TL,-8.9266,125.4092,61.52,100,76,1.45,broken clouds
129,Jiuquan,CN,39.7432,98.5174,18.52,77,64,2.8,broken clouds
130,Aykhal,RU,66.0,111.5,-29.88,82,100,9.28,overcast clouds
131,Coahuayana,MX,18.7333,-103.6833,82.4,42,75,5.41,broken clouds
132,Alugan,PH,12.2188,125.4808,79.54,84,100,3.74,overcast clouds
133,Port Hedland,AU,-20.3167,118.5667,82.4,89,17,6.91,few clouds
134,Longyearbyen,SJ,78.2186,15.6401,15.8,73,75,11.5,broken clouds
135,Biloela,AU,-24.4167,150.5,74.34,65,0,11.48,clear sky
136,Sur,OM,22.5667,59.5289,64.8,56,0,3.27,clear sky
137,Costinesti,RO,43.95,28.6333,32.0,100,40,10.36,light snow
138,Nador,MA,35.174,-2.9287,46.4,81,0,3.06,clear sky
139,Turukhansk,RU,65.8167,87.9833,-11.33,89,100,10.45,overcast clouds
140,Flinders,AU,-34.5833,150.8552,73.99,86,99,1.01,overcast clouds
141,Hanzhong,CN,33.0728,107.0303,35.37,78,0,1.81,clear sky
142,Hobart,AU,-42.8794,147.3294,62.6,48,20,10.36,few clouds
143,Sioux Lookout,CA,50.1001,-91.917,28.4,86,90,4.61,overcast clouds
144,Sisimiut,GL,66.9395,-53.6735,19.13,96,100,9.84,light snow
145,Taltal,CL,-25.4,-70.4833,69.98,61,31,8.14,scattered clouds
146,Kindu,CD,-2.95,25.95,71.31,92,100,1.34,overcast clouds
147,Morlaix,FR,48.5833,-4.0,51.01,81,90,12.66,overcast clouds
148,North Bend,US,43.4065,-124.2243,55.4,71,1,3.44,clear sky
149,Velyka Lepetykha,UA,47.1757,33.9436,26.42,95,27,9.89,scattered clouds
150,La Orilla,MX,17.9833,-102.2333,83.25,48,25,9.4,scattered clouds
151,Cravo Norte,CO,6.3017,-70.2041,83.7,59,92,7.47,overcast clouds
152,Pag,HR,44.445,15.0575,32.0,55,0,3.44,clear sky
153,Olinda,BR,-8.0089,-34.8553,80.6,65,75,6.91,broken clouds
154,Kostomuksha,RU,64.571,30.5767,-15.0,89,61,4.18,broken clouds
155,Ilebo,CD,-4.3167,20.5833,71.73,93,100,1.74,light rain
156,Ilulissat,GL,69.2167,-51.1,24.8,86,75,12.66,broken clouds
157,Komsomolskiy,UZ,40.4272,71.7189,35.6,51,87,6.91,overcast clouds
158,Hambantota,LK,6.1241,81.1185,75.2,100,75,3.44,light rain
159,Sitka,US,57.0531,-135.33,35.6,93,90,6.91,light rain
160,Sangar,RU,63.9242,127.4739,-42.61,80,87,5.12,overcast clouds
161,Carnarvon,AU,-24.8667,113.6333,77.0,94,16,14.97,few clouds
162,Rio Tuba,PH,8.5061,117.4317,79.36,79,93,6.49,overcast clouds
163,Luau,AO,-10.7073,22.2247,65.34,97,100,3.44,overcast clouds
164,Hasaki,JP,35.7333,140.8333,28.4,93,20,3.44,few clouds
165,Berlevag,NO,70.8578,29.0864,17.6,67,75,24.16,light snow
166,Presidencia Roque Saenz Pena,AR,-26.7852,-60.4388,91.0,51,100,4.0,overcast clouds
167,Victor Harbor,AU,-35.5667,138.6167,61.0,90,36,4.0,scattered clouds
168,Port Alfred,ZA,-33.5906,26.891,66.99,97,99,3.0,overcast clouds
169,Marzuq,YE,14.4,46.4667,54.63,41,0,2.1,clear sky
170,Lorengau,PG,-2.0226,147.2712,82.49,75,100,9.4,overcast clouds
171,Nome,US,64.5011,-165.4064,17.6,93,90,5.75,mist
172,Hermanus,ZA,-34.4187,19.2345,71.01,81,30,10.0,scattered clouds
173,Salalah,OM,17.0151,54.0924,75.2,23,0,10.36,clear sky
174,Edd,ER,13.9297,41.6925,75.29,51,0,14.67,clear sky
175,Pisco,PE,-13.7,-76.2167,75.2,69,0,23.02,clear sky
176,Teguise,ES,29.0605,-13.564,60.8,59,20,6.91,few clouds
177,Bredasdorp,ZA,-34.5322,20.0403,68.0,83,100,12.66,overcast clouds
178,Mackay,AU,-21.15,149.2,77.0,83,40,10.36,scattered clouds
179,Belaya Gora,RU,68.5333,146.4167,-37.93,81,100,3.36,overcast clouds
180,Puerto El Triunfo,SV,13.2833,-88.55,100.4,28,20,2.3,few clouds
181,Upernavik,GL,72.7868,-56.1549,10.35,96,100,17.65,overcast clouds
182,Manokwari,ID,-0.8667,134.0833,79.11,74,100,2.73,moderate rain
183,Dikson,RU,73.5069,80.5464,-27.94,85,0,7.02,clear sky
184,Geraldton,AU,-28.7667,114.6,68.0,64,0,9.22,clear sky
185,Tual,ID,-5.6667,132.75,84.45,74,100,13.22,light rain
186,Butaritari,KI,3.0707,172.7902,81.63,76,78,21.18,broken clouds
187,Ceanu Mare,RO,46.6667,23.95,23.0,86,75,11.5,broken clouds
188,Palu,ID,-0.8917,119.8707,76.28,81,100,2.42,light rain
189,Hofn,IS,64.2539,-15.2082,40.14,91,100,17.78,light rain
190,Xingyi,CN,24.1877,102.817,35.44,94,14,0.56,few clouds
191,Balkhash,KZ,46.844,74.9804,-7.78,85,0,9.35,clear sky
192,Avarua,CK,-21.2078,-159.775,86.0,70,40,19.57,scattered clouds
193,Datong,CN,40.0936,113.2914,19.53,75,75,3.78,broken clouds
194,Carutapera,BR,-1.195,-46.02,78.51,86,100,7.14,light rain
195,Cidreira,BR,-30.1811,-50.2056,72.43,68,30,13.33,scattered clouds
196,Nanortalik,GL,60.1432,-45.2371,29.91,94,100,15.39,light snow
197,Zlitan,LY,32.4674,14.5687,57.45,67,56,20.6,broken clouds
198,Sungaipenuh,ID,-2.0833,101.3833,63.77,89,100,3.98,light rain
199,Bodegraven,NL,52.0825,4.75,43.0,90,100,3.0,overcast clouds
200,Edmundston,CA,47.3737,-68.3251,30.99,69,90,4.61,light snow
201,Constitucion,CL,-35.3333,-72.4167,64.98,48,0,16.44,clear sky
202,Toamasina,MG,-18.1667,49.3833,77.0,94,40,3.44,scattered clouds
203,Hurricane,US,37.1753,-113.2899,55.0,23,1,3.53,clear sky
204,Jibuti,DJ,11.5,42.5,73.4,64,1,10.89,clear sky
205,Hami,CN,42.8,93.45,15.33,86,68,3.24,broken clouds
206,Codrington,AU,-38.2667,141.9667,55.13,85,8,6.55,clear sky
207,Greenwood,US,34.1668,-82.1165,37.4,100,90,4.61,mist
208,Vardo,NO,70.3705,31.1107,6.8,78,40,21.68,snow
209,Hervey Bay,AU,-25.2986,152.8535,77.0,80,8,4.0,clear sky
210,Broome,US,42.2506,-75.833,34.0,74,40,5.75,scattered clouds
211,Yuza,JP,39.0,139.9167,41.09,88,98,22.88,moderate rain
212,Turayf,SA,31.6725,38.6637,51.8,62,0,11.5,clear sky
213,East London,ZA,-33.0153,27.9116,73.36,90,100,14.61,light rain
214,La Baule-Escoublac,FR,47.2922,-2.364,50.0,81,90,10.36,overcast clouds
215,Iralaya,HN,15.0,-83.2333,80.85,70,7,7.65,clear sky
216,Vestmannaeyjar,IS,63.4427,-20.2734,44.69,79,100,9.13,overcast clouds
217,Alta Floresta,BR,-9.8756,-56.0861,80.6,83,90,2.3,moderate rain
218,Ancud,CL,-41.8697,-73.8203,64.4,59,0,8.05,clear sky
219,Qaqortoq,GL,60.7167,-46.0333,30.2,80,90,4.61,light snow
220,Westerland,DE,54.9079,8.3033,33.8,75,40,19.57,scattered clouds
221,Severo-Kurilsk,RU,50.6789,156.125,17.73,85,20,10.78,few clouds
222,Nizwa,OM,22.9333,57.5333,52.57,44,0,1.48,clear sky
223,Nkoteng,CM,4.5167,12.0333,72.82,83,58,8.63,broken clouds
224,Fukue,JP,32.6881,128.8419,55.44,59,2,10.11,clear sky
225,Catuday,PH,16.2923,119.8062,74.73,82,2,7.83,clear sky
226,Kysyl-Syr,RU,63.8986,122.7617,-38.11,81,96,6.87,overcast clouds
227,Aripuana,BR,-9.1667,-60.6333,81.99,77,82,1.07,light rain
228,Yinchuan,CN,38.4681,106.2731,27.86,57,47,0.76,scattered clouds
229,Luba,GQ,3.4568,8.5547,78.8,89,20,8.05,few clouds
230,Bengkulu,ID,-3.8004,102.2655,74.89,85,100,5.55,light rain
231,Anadyr,RU,64.75,177.4833,-7.6,84,20,8.95,snow
232,Grande Riviere Du Nord,HT,19.5833,-72.1833,76.21,73,29,5.86,scattered clouds
233,Kodinsk,RU,58.6881,99.1844,-15.11,87,100,6.02,light snow
234,Saint-Augustin,CA,51.226,-58.6502,20.1,91,7,2.57,clear sky
235,Chernyshevskiy,RU,63.0128,112.4714,-22.29,87,100,7.25,overcast clouds
236,Alihe,CN,50.5667,123.7167,-13.25,87,58,1.92,light snow
237,Kaeo,NZ,-35.1,173.7833,73.0,71,8,5.99,clear sky
238,Iskateley,RU,67.6803,53.1512,-10.28,86,72,11.27,broken clouds
239,Nouakchott,MR,18.0858,-15.9785,68.0,21,35,13.8,scattered clouds
240,Kokopo,PG,-4.352,152.2633,81.23,75,74,3.2,broken clouds
241,Yellowknife,CA,62.456,-114.3525,16.0,92,75,13.8,light snow
242,Imbituba,BR,-28.24,-48.6703,75.2,78,40,18.41,scattered clouds
243,Tura,IN,25.5198,90.2201,54.64,40,0,2.75,clear sky
244,Souillac,MU,-20.5167,57.5167,77.0,88,75,4.61,broken clouds
245,Ahuimanu,US,21.4447,-157.8378,81.0,54,75,3.53,broken clouds
246,Pochutla,MX,15.7432,-96.4661,84.99,48,40,11.5,scattered clouds
247,Yumen,CN,40.2833,97.2,23.22,64,100,27.27,overcast clouds
248,Mahebourg,MU,-20.4081,57.7,77.0,88,75,4.61,broken clouds
249,Arraial Do Cabo,BR,-22.9661,-42.0278,82.4,78,0,20.71,clear sky
250,Faya,SA,18.3851,42.4509,50.0,76,0,0.69,clear sky
251,Agadez,NE,19.75,10.25,64.15,27,49,10.33,scattered clouds
252,Mildura,AU,-34.2,142.15,59.0,67,0,9.22,clear sky
253,Phetchabun,TH,16.25,101.0833,64.99,67,0,4.21,clear sky
254,Dubreka,GN,9.7911,-13.5233,77.16,75,16,0.25,few clouds
255,Zeya,RU,53.75,127.2667,-19.5,82,0,3.06,clear sky
256,Namibe,AO,-15.1961,12.1522,72.45,71,87,4.61,overcast clouds
257,Beisfjord,NO,68.3751,17.5988,21.2,79,75,4.61,broken clouds
258,Along,IN,28.1667,94.7667,51.08,79,0,1.23,clear sky
259,Bernal,PE,-5.45,-80.75,83.21,50,75,19.71,broken clouds
260,Leningradskiy,RU,69.3833,178.4167,-13.09,88,100,8.41,overcast clouds
261,Buala,SB,-8.145,159.5921,82.08,75,69,7.67,broken clouds
262,Vatutinki,RU,55.4983,37.3325,10.4,85,90,24.61,snow
263,Phek,IN,25.6667,94.5,35.87,100,32,1.61,scattered clouds
264,Ormara,PK,25.2088,64.6357,68.49,37,96,1.19,overcast clouds
265,Sovetskiy,RU,61.3614,63.5842,-10.43,85,0,4.34,clear sky
266,Veracruz,MX,19.3333,-96.6667,73.4,56,75,13.8,broken clouds
267,Roma,US,43.2128,-75.4557,35.6,64,90,6.91,overcast clouds
268,Severo-Yeniseyskiy,RU,60.3725,93.0408,-14.66,89,100,10.47,overcast clouds
269,Plettenberg Bay,ZA,-34.0527,23.3716,69.69,90,14,10.4,few clouds
270,Kruisfontein,ZA,-34.0033,24.7314,71.01,90,98,5.01,overcast clouds
271,Henties Bay,NA,-22.116,14.2845,70.0,85,100,5.97,overcast clouds
272,Bathsheba,BB,13.2167,-59.5167,80.6,69,40,16.11,scattered clouds
273,Sorland,NO,67.667,12.6934,28.4,80,20,2.3,few clouds
274,Chokurdakh,RU,70.6333,147.9167,-33.99,83,78,5.01,broken clouds
275,Isangel,VU,-19.55,169.2667,84.2,84,75,8.68,light rain
276,Nizhnevartovsk,RU,60.9344,76.5531,5.0,78,40,11.18,scattered clouds
277,Conceicao Da Barra,BR,-18.5933,-39.7322,77.27,79,0,7.54,clear sky
278,Sao Gabriel Da Cachoeira,BR,-0.1303,-67.0892,78.93,95,100,1.86,light rain
279,Sechura,PE,-5.5569,-80.8222,79.34,59,83,18.79,broken clouds
280,Salisbury,GB,51.0693,-1.7957,50.0,100,90,12.84,overcast clouds
281,Bereda,ES,43.2686,-7.5406,32.0,83,0,1.74,clear sky
282,Bulungu,CD,-4.55,18.6,72.37,92,100,2.04,light rain
283,Tomatlan,MX,19.9333,-105.25,87.8,22,99,6.02,overcast clouds
284,Concarneau,FR,47.875,-3.9225,50.0,81,90,6.91,overcast clouds
285,Abay,KZ,49.6311,72.8539,-27.4,68,0,4.47,clear sky
286,Kavieng,PG,-2.5744,150.7967,82.98,74,85,14.65,overcast clouds
287,Ahipara,NZ,-35.1667,173.1667,69.49,67,7,4.36,clear sky
288,Luderitz,NA,-26.6481,15.1594,67.28,81,27,5.39,light rain
289,Pangai,TO,-19.8,-174.35,84.2,84,40,5.75,scattered clouds
290,Razole,IN,16.4833,81.8333,68.74,95,0,2.75,clear sky
291,La Paz,BO,-16.5,-68.15,55.4,62,75,10.36,light rain
292,Gravdal,NO,68.1214,13.5031,28.4,80,20,2.3,few clouds
293,Santa Maria,BR,-29.6842,-53.8069,77.0,65,75,16.11,broken clouds
294,Iqaluit,CA,63.7506,-68.5145,-11.0,70,20,16.11,snow
295,Waddan,LY,29.1614,16.139,50.63,51,0,8.43,clear sky
296,Hailar,CN,49.2,119.7,-18.33,85,0,5.93,clear sky
297,Skjervoy,NO,70.0311,20.9714,30.27,87,100,9.73,overcast clouds
298,Saint-Joseph,RE,-21.3667,55.6167,80.6,83,90,2.3,light rain
299,Tutoia,BR,-2.7619,-42.2744,84.2,74,75,17.27,broken clouds
300,Baoqing,CN,46.3317,132.2111,-4.25,88,77,7.65,broken clouds
301,Gamba,GA,-2.65,10.0,74.62,89,100,3.11,overcast clouds
302,Puerto Del Rosario,ES,28.5004,-13.8627,64.4,55,20,10.36,few clouds
303,Blackfoot,US,43.1905,-112.345,44.01,86,89,3.0,overcast clouds
304,Lillooet,CA,50.6856,-121.942,46.4,53,20,19.57,few clouds
305,Cabo San Lucas,MX,22.8909,-109.9124,75.0,46,40,12.66,scattered clouds
306,Mar Del Plata,AR,-38.0023,-57.5575,68.0,56,0,14.97,clear sky
307,Juneau,US,58.3019,-134.4197,37.4,87,90,9.22,snow
308,Mabaruma,GY,8.2,-59.7833,73.18,83,68,3.36,broken clouds
309,Taoudenni,ML,22.6783,-3.9836,62.46,28,0,12.15,clear sky
310,Aguadilla,PR,18.4275,-67.1541,81.0,73,75,12.66,broken clouds
311,Talnakh,RU,69.4865,88.3972,-24.99,78,4,10.87,clear sky
312,Te Anau,NZ,-45.4167,167.7167,67.69,61,29,4.5,scattered clouds
313,Gdynia,PL,54.5189,18.5319,34.0,100,75,6.91,mist
314,Russkaya Polyana,UA,49.417,31.9201,26.4,94,97,9.55,overcast clouds
315,Bandarban,BD,22.1965,92.2262,54.48,60,3,2.17,clear sky
316,Lompoc,US,34.6391,-120.4579,70.0,59,1,14.97,clear sky
317,Ust-Nera,RU,64.5667,143.2,-29.16,75,97,3.76,overcast clouds
318,Zaysan,KZ,47.4667,84.8667,-1.28,91,100,2.13,overcast clouds
319,Laela,TZ,-8.5667,32.05,62.11,98,100,3.36,moderate rain
320,Beoumi,CI,7.6736,-5.5764,80.6,69,20,4.61,few clouds
321,Otradnoye,RU,59.7775,30.8181,6.8,78,40,13.42,light snow
322,Izumo,JP,35.3667,132.7667,50.0,66,75,13.8,broken clouds
323,Riyadh,SA,24.6877,46.7219,48.2,34,0,1.59,clear sky
324,Mitsamiouli,KM,-11.3847,43.2844,80.78,77,15,8.79,few clouds
325,Sri Aman,MY,1.2376,111.4621,71.6,100,100,1.14,light rain
326,Ithaca,US,42.4406,-76.4966,37.99,69,75,8.05,broken clouds
327,Fillan,NO,63.6064,8.9696,15.8,79,20,10.36,few clouds
328,Port Macquarie,AU,-31.4333,152.9167,68.0,99,14,1.99,few clouds
329,Sterling,US,39.0062,-77.4286,50.0,40,40,8.05,scattered clouds
330,Guerrero Negro,MX,27.9769,-114.0611,72.7,20,0,4.9,clear sky
331,Korla,CN,41.7597,86.1469,19.15,80,16,3.71,few clouds
332,Victoria,HK,22.2855,114.1577,51.8,40,0,3.44,clear sky
333,Fortuna,US,40.5982,-124.1573,59.0,94,90,1.95,overcast clouds
334,Najran,SA,17.4924,44.1277,51.8,46,0,1.41,clear sky
335,Sao Filipe,CV,14.8961,-24.4956,71.6,74,18,12.53,few clouds
336,Lata,PT,40.1629,-8.3327,44.6,87,75,1.14,broken clouds
337,Honiara,SB,-9.4333,159.95,82.54,77,49,6.2,light rain
338,Walvis Bay,NA,-22.9575,14.5053,70.0,83,100,3.44,overcast clouds
339,Saint-Pierre,RE,-21.3393,55.4781,80.6,83,90,2.3,overcast clouds
340,Luis Correia,BR,-2.8792,-41.6669,84.2,74,75,17.27,broken clouds
341,Axim,GH,4.8699,-2.2405,79.68,83,0,8.39,clear sky
342,Ronne,DK,55.1009,14.7066,33.8,100,90,12.66,light snow
343,Oktyabrskiy,RU,54.4815,53.471,-5.76,90,97,4.59,overcast clouds
344,Soyo,AO,-6.1349,12.3689,78.82,78,46,9.66,scattered clouds
345,Moussoro,TD,13.6408,16.4901,70.88,20,0,10.36,clear sky
346,Murray Bridge,AU,-35.1167,139.2667,57.99,95,20,10.94,few clouds
347,Gorontalo,ID,0.5412,123.0595,76.55,89,100,2.13,overcast clouds
348,Beian,NO,63.6559,9.5683,18.0,79,20,10.36,few clouds
349,Yar-Sale,RU,66.8333,70.8333,5.85,89,100,17.54,overcast clouds
350,Siderno,IT,38.2779,16.302,57.99,97,9,5.01,clear sky
351,Saint-Michel-Des-Saints,CA,46.6834,-73.9159,30.99,97,100,5.17,overcast clouds
352,Havre-Saint-Pierre,CA,50.2334,-63.5986,14.0,85,40,2.3,scattered clouds
353,Naryan-Mar,RU,67.6713,53.087,-10.34,86,57,11.25,broken clouds
354,Camacupa,AO,-12.0167,17.4833,64.63,93,100,3.91,light rain
355,Ossora,RU,59.2353,163.0719,-7.92,87,100,4.61,overcast clouds
356,Necochea,AR,-38.5473,-58.7368,65.57,58,0,17.63,clear sky
357,Mount Gambier,AU,-37.8333,140.7667,51.8,100,90,6.91,overcast clouds
358,North Platte,US,41.1239,-100.7654,62.6,27,1,14.97,clear sky
359,Buin,CL,-33.7333,-70.75,88.0,21,0,9.22,clear sky
360,Brae,GB,60.3964,-1.353,37.4,65,40,13.8,scattered clouds
361,Vengerovo,RU,55.6848,76.7471,-19.25,88,25,7.7,scattered clouds
362,San Cristobal,VE,7.7669,-72.225,84.2,58,40,6.91,scattered clouds
363,Avesta,SE,60.1455,16.1679,21.0,93,100,5.99,light snow
364,Pueblo,US,38.2545,-104.6091,66.2,22,1,20.71,clear sky
365,Makakilo City,US,21.3469,-158.0858,82.4,57,1,8.05,clear sky
366,Adrar,MR,20.5022,-10.0711,64.42,26,7,13.0,clear sky
367,Rocha,UY,-34.4833,-54.3333,67.91,45,0,10.54,clear sky
368,Seguin,US,29.5688,-97.9647,64.4,34,1,14.97,clear sky
369,Ongandjera,NA,-17.8833,15.0667,74.05,51,100,11.25,overcast clouds
370,Fairbanks,US,64.8378,-147.7164,9.0,77,20,1.14,few clouds
371,Katangli,RU,51.7102,143.2326,5.54,95,100,22.1,snow
372,Noumea,NC,-22.2763,166.4572,80.01,94,0,3.44,light rain
373,Nisia Floresta,BR,-6.0911,-35.2086,80.6,74,40,11.5,scattered clouds
374,Georgetown,MY,5.4112,100.3354,78.01,83,20,6.93,light rain
375,Yukon,US,35.5067,-97.7625,59.0,38,1,16.11,clear sky
376,Kargasok,RU,59.0556,80.8572,-7.87,90,99,10.85,overcast clouds
377,Krasnoselkup,RU,65.7,82.4667,12.83,96,100,12.28,overcast clouds
378,Baculin,PH,7.4525,126.5842,78.4,78,100,4.88,light rain
379,Awjilah,LY,29.1081,21.2869,54.59,58,68,14.32,broken clouds
380,Alice Town,BS,25.7167,-79.3,71.71,77,95,10.22,overcast clouds
381,Lagoa,PT,39.05,-27.9833,60.19,86,100,15.19,overcast clouds
382,Waipawa,NZ,-41.4122,175.5153,69.8,68,1,14.97,clear sky
383,Helena,US,46.5927,-112.0361,42.8,24,40,47.18,scattered clouds
384,Khandyga,RU,62.6667,135.6,-48.1,76,41,1.23,scattered clouds
385,Bac Giang,VN,21.2667,106.2,55.4,62,66,5.75,broken clouds
386,Hienghene,NC,-20.6833,164.9333,76.71,92,100,7.38,moderate rain
387,Asau,RO,46.4333,26.4,30.2,100,96,6.91,mist
388,Ustyuzhna,RU,58.8394,36.4321,-9.98,90,100,8.66,overcast clouds
389,Celestun,MX,20.8667,-90.4,73.13,85,82,20.29,broken clouds
390,Lasa,IT,46.6166,10.7002,32.0,86,90,7.16,light snow
391,Udomlya,RU,57.8794,34.9925,-3.14,92,100,9.8,overcast clouds
392,Esfarayen,IR,37.0765,57.5101,35.6,48,0,4.61,clear sky
393,Puerto Penasco,MX,31.3167,-113.5333,69.01,23,0,5.99,clear sky
394,Basoko,CD,1.2391,23.616,75.61,53,98,1.95,overcast clouds
395,Bartica,GY,6.4,-58.6167,84.2,58,20,11.5,few clouds
396,Miragoane,HT,18.4423,-73.0876,78.58,59,27,0.22,scattered clouds
397,Orbetello,IT,42.4408,11.2196,37.4,93,0,5.75,clear sky
398,Yabrud,SY,33.9674,36.6574,53.6,62,40,13.8,scattered clouds
399,San Patricio,US,28.017,-97.5169,62.01,54,75,6.91,broken clouds
400,Kedrovyy,RU,56.1667,91.8167,-2.2,65,75,11.18,light snow
401,Jinchang,CN,38.4953,102.1739,27.16,67,69,15.43,broken clouds
402,Coquimbo,CL,-29.9533,-71.3436,62.6,72,20,14.97,few clouds
403,Sankt Georgen,HU,47.1425,16.5815,28.99,72,10,1.01,clear sky
404,Los Llanos De Aridane,ES,28.6585,-17.9182,64.4,52,75,13.8,broken clouds
405,Orumiyeh,IR,37.5527,45.0761,32.0,80,75,4.61,mist
406,Kimberley,ZA,-28.7323,24.7623,68.0,73,96,9.22,light rain
407,Brisbane,AU,-27.4679,153.0281,78.01,73,20,6.91,few clouds
408,Isla Mujeres,MX,21.2311,-86.731,78.8,78,90,6.91,moderate rain
409,Jambi,ID,-1.6,103.6167,72.34,98,100,3.24,moderate rain
410,Ust-Tsilma,RU,65.441,52.1498,-13.5,85,75,3.24,broken clouds
411,Urucara,BR,-2.5364,-57.76,78.58,89,100,2.42,moderate rain
412,Beringovskiy,RU,63.05,179.3167,-11.87,89,100,10.16,overcast clouds
413,Vila Velha,BR,-20.3297,-40.2925,80.6,74,20,14.97,few clouds
414,Antofagasta,CL,-23.65,-70.4,73.0,68,20,17.27,few clouds
415,Ranong,TH,9.9658,98.6348,69.82,86,78,4.74,broken clouds
416,Shimoda,JP,34.6667,138.95,32.0,89,0,20.38,clear sky
417,Vanimo,PG,-2.6741,141.3028,77.77,84,94,5.61,light rain
418,Arlit,NE,18.7369,7.3853,70.93,21,73,7.7,broken clouds
419,Sabzevar,IR,36.2126,57.6819,39.06,55,0,0.63,clear sky
420,Maunabo,PR,18.0072,-65.8993,80.01,82,6,5.99,clear sky
421,Torbay,CA,47.6666,-52.7314,28.99,87,26,4.68,scattered clouds
422,Tres Arroyos,AR,-38.3739,-60.2798,74.98,46,0,7.94,clear sky
423,Esperance,AU,-33.8667,121.9,53.6,71,90,6.91,overcast clouds
424,Irituia,BR,-1.7711,-47.4381,74.95,95,100,3.38,moderate rain
425,Sinnamary,GF,5.3833,-52.95,79.16,80,59,12.53,broken clouds
426,Honolulu,US,21.3069,-157.8583,81.0,57,40,6.91,scattered clouds
427,Kalyazin,RU,57.2403,37.8433,-4.09,90,100,12.73,overcast clouds
428,Calabozo,VE,8.9242,-67.4293,85.77,48,95,5.44,overcast clouds
429,Khurba,RU,50.4072,136.8819,-4.23,86,100,9.75,overcast clouds
430,Istisu,AZ,40.9457,48.0738,41.0,93,90,4.61,overcast clouds
431,Bikin,RU,46.8161,134.26,1.15,92,100,4.12,overcast clouds
432,Osorno,CL,-40.5667,-73.15,75.2,41,20,4.61,few clouds
433,Ambon,ID,-3.6954,128.1814,75.2,94,20,9.22,few clouds
434,Luangwa,ZM,-15.6167,30.4167,71.96,92,98,1.48,light rain
435,Ca Mau,VN,9.1769,105.15,68.4,80,100,1.34,overcast clouds
436,Oshkosh,US,44.0247,-88.5426,39.99,75,40,5.59,scattered clouds
437,Road Town,VG,18.4167,-64.6167,80.6,74,40,10.36,scattered clouds
438,Tabuk,PH,17.4189,121.4443,67.24,88,75,3.13,broken clouds
439,Bowen,AU,-20.0167,148.2333,78.8,78,40,11.5,scattered clouds
440,Ornskoldsvik,SE,63.2909,18.7153,8.6,85,90,11.5,overcast clouds
441,Zyryanovsk,KZ,49.7386,84.2719,-15.63,86,93,1.83,overcast clouds
442,Estelle,US,29.8458,-90.1067,57.99,44,20,5.75,few clouds
443,Ibb,YE,13.9667,44.1833,55.76,63,0,2.01,clear sky
444,Bayan,CN,46.0833,127.4,-8.64,91,94,4.0,overcast clouds
445,Takaka,NZ,-40.85,172.8,68.0,75,0,1.99,clear sky
446,Edea,CM,3.8,10.1333,82.4,89,75,3.44,broken clouds
447,Verkhnyaya Inta,RU,65.9811,60.3094,-12.06,89,56,12.95,broken clouds
448,Tuatapere,NZ,-46.1333,167.6833,59.0,94,2,10.0,clear sky
449,Husavik,IS,66.0449,-17.3389,42.8,56,90,10.36,light rain
450,Oranjemund,NA,-28.55,16.4333,67.1,82,6,2.82,clear sky
451,Meadow Lake,US,34.8014,-106.5436,54.0,15,20,9.22,few clouds
452,Namatanai,PG,-3.6667,152.4333,81.27,76,94,9.64,overcast clouds
453,Katherine,AU,-14.4667,132.2667,80.6,78,71,3.44,broken clouds
454,Batagay,RU,67.6333,134.6333,-44.95,73,9,1.41,clear sky
455,Nantucket,US,41.2835,-70.0995,37.4,65,1,8.05,clear sky
456,Zelenogradsk,RU,54.9589,20.4767,30.2,100,75,2.24,broken clouds
457,Ostersund,SE,63.1792,14.6357,6.8,85,90,4.61,light snow
458,Half Moon Bay,US,37.4636,-122.4286,66.0,77,1,8.59,haze
459,Port Augusta,AU,-32.5,137.7667,64.4,68,40,13.8,scattered clouds
460,Galveston,US,29.3669,-94.9669,60.01,47,1,10.36,clear sky
461,Santa Rosa,PH,14.3122,121.1114,75.2,83,20,1.14,few clouds
462,Sherbakul,RU,54.6316,72.3963,-5.8,77,75,4.47,broken clouds
463,Carballo,ES,43.213,-8.691,44.6,87,75,3.44,broken clouds
464,Rio Gallegos,AR,-51.6226,-69.2181,71.6,26,0,8.05,clear sky
465,Birakan,RU,49.0167,131.7,-8.7,90,96,4.54,overcast clouds
466,Cayenne,GF,4.9333,-52.3333,78.8,89,75,8.05,broken clouds
467,Mbekenyera,TZ,-10.0,38.9833,71.1,97,45,4.43,scattered clouds
468,Ust-Kulom,RU,61.6864,53.6902,-17.37,84,0,1.77,clear sky
469,Caranavi,BO,-15.8167,-67.55,71.64,94,99,1.99,moderate rain
470,Gigmoto,PH,13.7796,124.39,78.3,88,100,16.35,moderate rain
471,Gorbatov,RU,56.1331,43.0583,-2.0,77,0,8.95,light snow
472,Yamada,JP,39.4667,141.95,40.17,81,53,14.56,broken clouds
473,Bafra,TR,41.5678,35.9069,48.2,87,75,8.05,light rain
474,Hoegaarden,BE,50.7758,4.8874,39.99,93,90,6.64,light intensity drizzle
475,Panubigan,PH,7.4281,123.3466,78.66,84,100,6.62,overcast clouds
476,Bay City,US,43.5945,-83.8889,39.0,80,1,9.22,clear sky
477,Le Portel,FR,50.7056,1.5757,50.0,93,90,12.66,overcast clouds
478,Guilin,CN,25.2819,110.2864,41.0,87,46,0.6,scattered clouds
479,Gazanjyk,TM,39.2446,55.5154,37.4,76,0,16.8,clear sky
480,Jacareacanga,BR,-6.2222,-57.7528,77.88,92,100,2.13,moderate rain
481,Nemuro,JP,43.3236,145.575,34.34,87,100,14.29,overcast clouds
482,Maragogi,BR,-9.0122,-35.2225,79.16,75,11,8.86,few clouds
483,Custoias,PT,41.1053,-7.321,35.01,8,0,0.74,clear sky
484,San Clemente,US,33.427,-117.612,73.99,45,6,1.01,clear sky
485,Aksu,CN,41.1231,80.2644,17.11,78,0,2.35,clear sky
486,Mnogovershinnyy,RU,53.9353,139.9242,-17.54,88,99,3.38,overcast clouds
487,Raudeberg,NO,61.9875,5.1352,28.4,64,0,9.22,clear sky
488,Nahan,IN,30.55,77.3,46.78,54,1,2.17,clear sky
489,Klaksvik,FO,62.2266,-6.589,39.2,81,75,17.27,broken clouds
490,Harper,LR,4.375,-7.7169,78.84,81,51,5.84,broken clouds
491,Bouna,CI,9.2667,-3.0,77.2,17,28,3.85,scattered clouds
492,Itoman,JP,26.1247,127.6694,59.0,63,75,8.05,broken clouds
493,Winnemucca,US,40.973,-117.7357,54.16,57,82,22.88,broken clouds
494,Vila Franca Do Campo,PT,37.7167,-25.4333,62.01,94,75,5.75,light rain
495,Aswan,EG,24.0934,32.907,66.65,29,3,7.4,clear sky
496,Olafsvik,IS,64.8945,-23.7142,41.88,85,100,10.8,light rain
497,Whitehorse,CA,60.7161,-135.0538,24.01,68,75,11.5,broken clouds
498,San Juan,AR,-31.5375,-68.5364,87.96,32,0,15.86,clear sky
499,Rumuruti,KE,0.267,36.5389,55.81,82,13,4.79,few clouds
500,Callaway,US,30.153,-85.5699,51.01,71,1,4.61,clear sky
501,Bamenda,CM,5.9527,10.1582,64.85,40,14,3.18,few clouds
502,Orsha,BY,54.5153,30.4053,17.64,97,100,12.08,snow
503,Kathmandu,NP,27.7167,85.3167,46.4,93,75,2.3,mist
504,Araouane,ML,18.9048,-3.5265,69.6,22,0,14.45,clear sky
505,Sao Paulo De Olivenca,BR,-3.3783,-68.8725,75.78,96,90,3.44,moderate rain
506,Pandan,PH,14.0453,124.1694,78.58,88,100,18.9,heavy intensity rain
507,Kalangala,UG,-0.3089,32.225,74.37,71,65,7.29,broken clouds
508,Rutland,US,43.6167,-73.0162,33.8,64,90,3.02,overcast clouds
509,Zorgo,BF,12.2489,-0.6158,75.0,17,0,10.89,clear sky
510,Polyarnyy,RU,69.1989,33.4478,-14.8,76,0,2.24,clear sky
511,Hobyo,SO,5.3505,48.5268,75.74,78,1,21.77,clear sky
512,Zalantun,CN,48.0,122.7167,-10.19,82,0,4.79,clear sky
513,San Julian,MX,21.0167,-102.1667,67.03,26,98,7.14,overcast clouds
514,Samarai,PG,-10.6167,150.6667,83.5,75,100,6.78,light rain
515,Sandy Point,AU,-38.8167,146.1,64.99,65,70,8.97,broken clouds
516,Katsuura,JP,35.1333,140.3,46.4,71,40,6.91,scattered clouds
517,Alta Gracia,AR,-31.6529,-64.4283,80.01,61,75,8.05,broken clouds
518,Jaisalmer,IN,26.9147,70.9181,53.58,27,0,4.9,clear sky
519,Ulladulla,AU,-35.35,150.4667,78.01,69,0,6.87,clear sky
520,Tilichiki,RU,60.4667,166.1,-25.28,83,12,7.96,few clouds
521,Kiruna,SE,67.8557,20.2251,-7.6,77,90,0.51,overcast clouds
522,Pine Bluff,US,34.2284,-92.0032,55.4,33,1,11.5,clear sky
523,Vostok,RU,46.4856,135.8833,-3.55,93,94,3.78,overcast clouds
524,Kudahuvadhoo,MV,2.6708,72.8944,81.54,79,100,17.45,overcast clouds
525,Boa Vista,BR,2.8197,-60.6733,86.0,54,40,12.66,scattered clouds
526,Avera,US,33.194,-82.5271,53.6,47,1,6.91,clear sky
527,Port Lincoln,AU,-34.7333,135.8667,58.73,70,13,8.41,few clouds
528,Zapolyarnyy,RU,69.4154,30.8136,-0.4,65,75,14.97,broken clouds
529,Dingle,PH,10.9995,122.6711,75.63,86,93,10.22,overcast clouds
530,Genhe,CN,50.7833,121.5167,-24.66,84,91,1.92,overcast clouds
531,Portland,US,45.5234,-122.6762,54.0,54,75,5.75,broken clouds
532,San Quintin,MX,30.4833,-115.95,67.32,26,0,4.65,clear sky
533,Bakchar,RU,57.0186,82.0711,-11.67,90,99,6.71,overcast clouds
534,Ghanzi,BW,-21.5667,21.7833,75.72,67,17,4.99,light rain
535,Thinadhoo,MV,0.5333,72.9333,82.0,73,91,18.92,overcast clouds
536,Wilson,US,36.1501,-86.2833,48.2,49,1,12.66,clear sky
537,Praya,CV,14.9215,-23.5087,71.6,68,75,23.02,broken clouds
538,Ternate,ID,0.8,127.4,81.0,79,99,4.07,overcast clouds
539,Huangchuan,CN,32.1272,115.0394,41.31,67,3,6.73,clear sky
540,Porto Velho,BR,-8.7619,-63.9039,78.8,94,75,9.22,heavy intensity rain
541,Tautira,PF,-17.7333,-149.15,86.0,66,40,5.75,light rain
542,Dongli,CN,23.5656,116.8194,41.0,81,0,2.24,clear sky
543,Kautokeino,NO,69.0125,23.0412,-8.05,88,100,5.26,overcast clouds
544,Puerto Baquerizo Moreno,EC,-0.9,-89.6,80.6,83,40,17.27,scattered clouds
545,Ishigaki,JP,24.3448,124.1572,59.0,72,40,6.91,scattered clouds
546,Gazli,UZ,40.1333,63.45,32.41,90,0,15.59,clear sky
547,Pemberton,CA,50.3164,-122.8027,43.0,70,40,3.44,scattered clouds
548,Altamont,US,42.2068,-121.7372,53.6,58,20,11.5,few clouds
549,Mana,GF,5.6592,-53.7767,79.29,78,67,11.68,broken clouds
550,Hay River,CA,60.8156,-115.7999,23.0,86,57,12.66,broken clouds
551,Hokitika,NZ,-42.7167,170.9667,63.41,74,64,2.77,broken clouds
552,Vredendal,ZA,-31.6683,18.5012,69.76,70,0,2.15,clear sky
553,Gourcy,BF,13.2167,-2.35,74.5,17,0,9.55,clear sky
554,Ginir,ET,7.1333,40.7,58.64,40,0,4.07,clear sky
555,Den Helder,NL,52.9599,4.7593,39.99,70,75,8.05,broken clouds
556,Mount Isa,AU,-20.7333,139.5,84.2,45,31,14.88,scattered clouds
557,Griffith,US,41.5284,-87.4237,41.0,75,40,9.22,scattered clouds
558,Warrington,GB,53.3925,-2.5802,42.8,100,75,8.05,mist
559,Port Hueneme,US,34.1478,-119.1951,78.8,32,1,13.8,clear sky
560,Acarau,BR,-2.8856,-40.12,80.35,78,100,14.76,overcast clouds
561,Svetlogorsk,BY,52.6333,29.7333,20.19,98,96,6.29,overcast clouds
562,Hrodna,BY,53.6884,23.8258,25.09,99,100,5.99,overcast clouds
563,Tungor,RU,53.3808,142.9564,-7.1,88,100,12.08,overcast clouds
564,Santa Ines,BR,-3.6667,-45.38,78.17,91,98,3.29,overcast clouds
565,Poopo,BO,-18.3667,-66.9667,59.0,51,40,11.5,moderate rain
566,Phalaborwa,ZA,-23.943,31.1411,77.0,78,0,8.05,light rain
567,Petropavlovsk-Kamchatskiy,RU,53.0452,158.6483,-5.8,65,0,6.71,clear sky
568,Boca Do Acre,BR,-8.7522,-67.3978,81.88,81,85,2.86,overcast clouds
569,Lewistown,US,40.5992,-77.5714,41.0,65,1,4.61,clear sky
570,Epe,NG,6.5841,3.9834,79.23,85,0,5.48,clear sky
571,Gilgit,PK,35.9221,74.3087,27.57,36,0,2.51,clear sky
572,Abnub,EG,27.2696,31.1511,57.2,58,0,11.5,clear sky
573,Trairi,BR,-3.2778,-39.2689,79.32,78,49,9.66,scattered clouds
574,Pitimbu,BR,-7.4706,-34.8086,80.6,78,75,8.05,broken clouds
575,Huadian,CN,42.9633,126.7478,-0.42,88,0,7.2,clear sky
576,Marsh Harbour,BS,26.5412,-77.0636,73.02,74,68,4.18,broken clouds
577,Tsiroanomandidy,MG,-18.7667,46.0333,70.29,90,92,3.91,light rain
578,Silver City,US,32.7701,-108.2803,57.99,16,1,4.61,clear sky
579,Lakhnadon,IN,22.6,79.6,50.05,44,0,3.22,clear sky
580,Barreirinhas,BR,-2.7469,-42.8264,78.76,81,100,8.21,overcast clouds
581,Prince Rupert,CA,54.3161,-130.3201,44.6,75,40,9.22,light rain
582,Talas,TR,38.6908,35.5538,32.0,100,75,2.3,light snow
583,Arukula,EE,59.3644,25.0772,21.99,86,90,11.5,light snow
584,Yeniseysk,RU,58.4497,92.1703,-15.05,88,100,5.77,light snow
585,Chapais,CA,49.7834,-74.8492,28.4,93,90,11.5,light snow
586,Velikodvorskiy,RU,55.25,40.6678,3.02,94,100,15.28,snow
587,Dickinson,US,29.4608,-95.0513,60.01,41,1,6.91,clear sky
588,Aguilas,ES,37.4063,-1.5829,44.01,61,0,1.99,clear sky
589,Abancay,PE,-13.6339,-72.8814,71.06,51,83,7.38,light rain
590,San Luis,AR,-33.295,-66.3356,80.13,46,57,13.78,broken clouds
591,Makat,KZ,47.6469,53.3463,18.88,95,85,26.24,overcast clouds
592,Mayskiy,RU,47.6931,40.1025,35.6,93,75,13.42,light rain
593,Tessalit,ML,20.1986,1.0114,67.01,23,0,12.03,clear sky
594,Arrecife,ES,28.963,-13.5477,60.8,59,20,6.91,few clouds
595,Chake Chake,TZ,-5.2459,39.7666,76.95,85,0,9.08,clear sky
596,Svetlaya,RU,46.5389,138.3297,16.74,85,100,9.1,overcast clouds
597,Kijang,KR,35.2442,129.2139,32.0,86,0,1.14,clear sky
598,Muswellbrook,AU,-32.2667,150.9,73.0,74,11,4.0,heavy intensity rain
599,Tuy Hoa,VN,13.0833,109.3,63.32,83,92,6.04,overcast clouds
600,Tendo,JP,38.3536,140.3697,37.4,65,75,8.05,broken clouds
601,Caxias,PT,38.7031,-9.2767,50.0,87,20,8.05,few clouds
602,Staryy Nadym,RU,65.6118,72.6842,4.15,90,74,16.73,broken clouds
603,Iaciara,BR,-14.0958,-46.6317,75.27,79,58,4.05,broken clouds
604,Colonesti,RO,44.65,24.6667,29.71,91,9,6.73,clear sky
605,Inirida,CO,3.8653,-67.9239,81.0,79,91,4.12,light rain
606,Babstovo,RU,48.1167,132.4833,-0.92,87,100,7.72,overcast clouds
607,Algeciras,ES,36.1333,-5.4505,51.8,66,0,14.97,clear sky
608,Nadym,RU,65.5333,72.5167,3.79,90,81,17.49,broken clouds
609,Puerto Colombia,CO,10.9878,-74.9547,86.0,62,75,11.5,broken clouds
610,Wabrzezno,PL,53.2799,18.9477,34.0,97,87,1.01,overcast clouds
611,Hearst,CA,49.6835,-83.6665,28.4,93,92,5.75,overcast clouds
612,Senneterre,CA,48.3835,-77.2328,30.2,100,90,8.05,light snow
613,Nuuk,GL,64.1835,-51.7216,26.6,93,90,1.14,light snow
614,Pochinok,RU,54.4068,32.4407,14.67,96,100,13.27,snow
615,Mayo,US,38.8876,-76.5119,46.0,70,1,6.91,clear sky
616,Whitley Bay,GB,55.0397,-1.4471,36.0,93,75,2.35,light rain
617,Halifax,CA,44.6453,-63.5724,33.8,69,75,6.91,broken clouds
618,Minna,NG,9.6139,6.5569,76.46,18,0,5.91,clear sky
619,Bac Lieu,VN,9.285,105.7244,70.84,87,91,6.11,overcast clouds
620,San Vicente,AR,-26.6167,-54.1333,77.99,82,72,5.73,light rain
621,Ust-Maya,RU,60.4167,134.5333,-47.97,76,79,0.18,broken clouds
622,Lucapa,AO,-8.4192,20.7447,65.88,96,98,2.82,overcast clouds
623,Bambanglipuro,ID,-7.95,110.2833,76.87,84,100,5.08,overcast clouds
624,Barcelos,PT,41.5388,-8.6151,44.01,100,0,4.61,clear sky
625,Kaihua,CN,23.3687,104.28,39.13,81,20,1.97,few clouds
626,Bastia,FR,42.6667,9.3333,48.0,81,0,5.75,clear sky
627,Chodavaram,IN,17.8333,82.95,69.8,100,0,2.3,mist
628,Paragominas,BR,-2.9667,-47.4833,74.91,95,98,3.98,heavy intensity rain
629,General Roca,AR,-39.0333,-67.5833,93.2,26,40,10.36,light rain
630,Richards Bay,ZA,-28.783,32.0377,74.55,89,87,2.91,overcast clouds
631,Drummondville,CA,45.8834,-72.4824,33.01,93,100,3.44,overcast clouds
632,Ketchikan,US,55.3422,-131.6461,39.2,93,75,8.05,light rain
633,Sabang,ID,5.8933,95.3214,80.78,79,100,18.19,overcast clouds
634,Chokwe,MZ,-24.5333,32.9833,75.88,88,3,4.65,clear sky
635,San-Pedro,CI,4.7485,-6.6363,77.63,88,77,6.91,light rain
636,Bandarbeyla,SO,9.4942,50.8122,72.95,78,18,24.16,few clouds
637,Tigil,RU,57.8,158.6667,-8.12,87,44,6.2,scattered clouds
638,Huarmey,PE,-10.0681,-78.1522,74.64,73,74,11.88,broken clouds
639,Doha,QA,25.2867,51.5333,62.6,67,0,5.75,clear sky
640,Mitu,CO,1.1983,-70.1733,79.18,93,96,1.52,moderate rain
641,Vanavara,RU,60.34,102.2797,-15.0,88,100,9.82,overcast clouds
642,Alappuzha,IN,9.49,76.3264,75.34,88,100,14.41,light rain
643,Cabedelo,BR,-6.9811,-34.8339,80.6,78,75,8.05,broken clouds
644,Maniitsoq,GL,65.4167,-52.9,22.41,97,100,8.16,light snow
645,Boyolangu,ID,-8.1181,111.8935,75.61,87,100,2.19,light rain
646,Mogadishu,SO,2.0371,45.3438,76.19,83,34,20.67,scattered clouds
647,Rosetta,EG,31.4044,30.4164,62.6,63,40,12.66,light rain
648,Pacifica,US,37.6138,-122.4869,64.99,72,75,3.44,broken clouds
649,Yaan,NG,7.3833,8.5667,80.01,16,0,2.33,clear sky
650,Hamilton,US,39.1834,-84.5333,46.4,49,1,10.36,clear sky
651,Kendari,ID,-3.945,122.4989,76.12,92,99,3.58,light rain
652,Narasannapeta,IN,18.4167,84.05,69.03,89,92,4.32,overcast clouds
653,Sobolevo,RU,54.4299,31.8996,15.44,96,100,13.06,snow
654,Eureka,US,40.8021,-124.1637,61.0,95,84,3.0,broken clouds
655,Uruzgan,AF,32.8333,66.0,35.33,61,0,6.78,clear sky
656,Laguna,US,38.421,-121.4238,66.0,68,1,5.19,clear sky
657,Shanghai,CN,31.2222,121.4581,41.0,87,0,2.24,clear sky
658,Jijiga,ET,9.35,42.8,57.16,45,8,8.5,clear sky
659,Lahad Datu,MY,5.0268,118.327,75.9,93,100,8.05,overcast clouds
660,Naze,JP,28.3667,129.4833,52.0,65,0,5.57,clear sky
661,Chase,CA,50.8165,-119.6857,44.6,45,90,4.61,overcast clouds
662,Nakamura,JP,32.9833,132.9333,39.02,86,0,3.47,clear sky
663,Denpasar,ID,-8.65,115.2167,80.6,89,75,1.14,broken clouds
664,Acandi,CO,8.5063,-77.2778,81.52,75,100,6.55,overcast clouds
665,Marovoay,MG,-16.1,46.6333,82.4,83,20,4.61,few clouds
666,Lohja,FI,60.2486,24.0653,17.01,91,99,8.99,overcast clouds
667,Biloxi,US,30.396,-88.8853,53.01,57,1,9.22,clear sky
668,Bose,IT,45.4612,8.0137,43.0,56,0,0.78,clear sky
669,Hovd,MN,48.0056,91.6419,2.53,74,4,11.05,clear sky
670,Manaus,BR,-3.1019,-60.025,80.6,78,40,6.91,moderate rain
671,Adre,TD,13.4667,22.2,65.14,25,0,10.4,clear sky
672,Mustasaari,FI,63.1142,21.6822,12.0,78,90,6.91,light snow
673,Ndende,GA,-2.4008,11.3581,70.63,97,100,1.05,light rain
674,Byron Bay,AU,-28.65,153.6167,71.6,88,51,5.75,broken clouds
675,Arinos,BR,-15.9169,-46.1056,75.49,85,60,1.63,broken clouds
676,Shelburne,CA,44.0787,-80.2041,35.6,80,90,8.05,overcast clouds
677,Soubre,CI,5.7856,-6.6083,74.98,93,100,2.95,overcast clouds
678,Patrocinio,BR,-18.9439,-46.9925,77.0,83,20,5.75,moderate rain
679,Ponta Delgada,PT,37.7333,-25.6667,62.01,94,75,5.75,light rain
680,Pachino,IT,36.7186,15.0907,53.01,69,0,16.82,clear sky
681,Grand Gaube,MU,-20.0064,57.6608,78.01,82,14,3.0,few clouds
682,Abalak,RU,58.1286,68.5944,-21.26,87,0,5.35,clear sky
683,Vryburg,ZA,-26.9566,24.7284,73.67,62,34,7.92,light rain
684,Cap Malheureux,MU,-19.9842,57.6142,78.01,82,13,3.0,few clouds
685,Kisangani,CD,0.5167,25.2,74.05,72,100,2.17,overcast clouds
686,Herat,AF,34.5,62.0,36.46,62,0,0.49,clear sky
687,Mbabane,SZ,-26.3167,31.1333,77.0,94,95,3.44,light rain
688,Solnechnyy,RU,50.7214,136.6319,-8.09,85,100,7.43,overcast clouds
689,Porto Novo,BJ,6.4965,2.6036,82.4,83,20,14.97,few clouds
690,Nanakuli,US,21.3906,-158.1547,82.4,57,1,8.05,clear sky
691,Launceston,AU,-41.45,147.1667,61.0,72,0,4.61,clear sky
692,Banff,CA,51.1762,-115.5698,30.2,74,100,6.91,overcast clouds
693,Acajutla,SV,13.5928,-89.8275,87.8,40,20,3.44,few clouds
694,Isahaya,JP,32.8411,130.0431,42.8,93,40,13.8,scattered clouds
695,Tabou,CI,4.423,-7.3528,78.22,85,99,6.53,moderate rain
696,Melito Di Porto Salvo,IT,37.9222,15.7714,57.2,67,40,11.5,scattered clouds
697,Shimanovsk,RU,52.0,127.7,-20.31,86,45,6.24,scattered clouds
698,Salamiyah,SY,35.0113,37.0532,55.42,80,66,17.11,broken clouds
699,Lalsot,IN,26.5667,76.3333,51.8,58,0,3.15,haze
700,Bibiani,GH,6.4635,-2.3194,72.84,92,38,2.82,scattered clouds
701,San Jeronimo,PE,-11.9472,-75.2829,60.76,57,82,5.73,moderate rain
702,Qeshm,IR,26.9581,56.2719,57.2,50,0,4.61,clear sky
703,Yemelyanovo,RU,56.1681,92.6767,-2.2,65,75,11.18,light snow
704,Khandbari,NP,27.3747,87.2039,49.35,64,25,2.39,scattered clouds
705,Loralai,PK,30.3705,68.598,42.78,42,0,1.97,clear sky
706,Bay Roberts,CA,47.5999,-53.2648,30.0,82,64,3.22,broken clouds
707,Juelsminde,DK,55.7088,10.0167,34.0,82,100,8.99,light snow
708,Tambovka,RU,50.0969,128.0489,-16.6,76,0,4.47,clear sky
